LOCATION_TYPE;LOCATION_ID;POST_CODE;CITY;X_COORD;Y_COORD;QUANTITY;TRAIN_POSSIBLE;SERVICE_TIME [s]
DEPOT;D1;67069;Ludwigshafen am Rhein;8.42227;49.45044;0;1;0
SWAP_LOCATION;S1;68163;Mannheim;8.51961;49.46413;0;1;0
SWAP_LOCATION;S2;66115;Saarbrücken-Burbach;6.94504;49.23872;0;1;0
SWAP_LOCATION;S3;64832;Babenhausen;8.95895;49.95180;0;1;0
SWAP_LOCATION;S4;67655;Kaiserslautern;7.76275;49.44377;0;1;0
SWAP_LOCATION;S5;55543;Bad Kreuznach;7.86290;49.83709;0;1;0
SWAP_LOCATION;S6;68753;Waghäusel;8.53919;49.25287;0;1;0
SWAP_LOCATION;S7;75015;BRETTEN-Gölshausen;8.72939;49.04670;0;1;0
SWAP_LOCATION;S8;68799;Reilingen;8.55857;49.30094;0;1;0
SWAP_LOCATION;S9;66809;Nalbach-Körprich;6.83275;49.38868;0;1;0
SWAP_LOCATION;S10;66287;Quierschied;7.04318;49.32695;0;1;0
SWAP_LOCATION;S11;67480;EDENKOBEN;8.13946;49.28563;0;1;0
SWAP_LOCATION;S12;67098;Bad Dürkheim;8.16476;49.45865;0;1;0
SWAP_LOCATION;S13;76863;HERXHEIM;8.20568;49.12593;0;1;0
SWAP_LOCATION;S14;76316;Malsch;8.31815;48.89001;0;1;0
SWAP_LOCATION;S15;67071;Ludwigshafen (Ruchheim);8.32887;49.47894;0;1;0
SWAP_LOCATION;S16;76646;Bruchsal;8.55543;49.13288;0;1;0
SWAP_LOCATION;S17;72172;;8.67747;48.34732;0;1;0
SWAP_LOCATION;S18;63636;;9.29806;50.31196;0;1;0
SWAP_LOCATION;S19;69221;;8.66126;49.44215;0;1;0
SWAP_LOCATION;S20;76855;;7.93637;49.20885;0;1;0
SWAP_LOCATION;S21;76307;;8.50156;48.90374;0;1;0
SWAP_LOCATION;S22;54597;;6.37219;50.16941;0;1;0
SWAP_LOCATION;S23;63457;;8.96789;50.11826;0;1;0
SWAP_LOCATION;S24;77836;;8.05898;48.73428;0;1;0
SWAP_LOCATION;S25;76756;;8.30492;49.19491;0;1;0
SWAP_LOCATION;S26;3346;;6.06652;49.55583;0;1;0
SWAP_LOCATION;S27;76275;;8.39264;48.93968;0;1;0
SWAP_LOCATION;S28;67583;;8.35239;49.78933;0;1;0
SWAP_LOCATION;S29;75173;;8.69796;48.88814;0;1;0
SWAP_LOCATION;S30;76870;;8.17459;49.09672;0;1;0
SWAP_LOCATION;S31;69434;;8.89632;49.43925;0;1;0
SWAP_LOCATION;S32;66763;;6.72220;49.35654;0;1;0
SWAP_LOCATION;S33;66849;;7.57072;49.41760;0;1;0
SWAP_LOCATION;S34;76887;;8.00990;49.10128;0;1;0
SWAP_LOCATION;S35;76751;;8.26330;49.08261;0;1;0
SWAP_LOCATION;S36;66482;;7.33482;49.25969;0;1;0
SWAP_LOCATION;S37;76437;;8.17877;48.85503;0;1;0
SWAP_LOCATION;S38;67592;;8.21796;49.65209;0;1;0
SWAP_LOCATION;S39;67454;;8.24414;49.34608;0;1;0
SWAP_LOCATION;S40;76189;;8.31748;49.01042;0;1;0
SWAP_LOCATION;S41;76149;;8.37241;49.06625;0;1;0
SWAP_LOCATION;S42;67346;;8.42467;49.31871;0;1;0
SWAP_LOCATION;S43;67065;;8.43104;49.45496;0;1;0
SWAP_LOCATION;S44;76297;;8.50807;49.12254;0;1;0
SWAP_LOCATION;S45;68535;;8.57863;49.44608;0;1;0
SWAP_LOCATION;S46;69181;;8.67729;49.35741;0;1;0
SWAP_LOCATION;S47;75438;;8.74898;49.02362;0;1;0
SWAP_LOCATION;S48;63741;;9.12715;49.97463;0;1;0
SWAP_LOCATION;S49;63868;;9.14514;49.88047;0;1;0
SWAP_LOCATION;S50;60594;;8.69455;50.10455;0;1;0
SWAP_LOCATION;S51;54290;;6.64974;49.75698;0;1;0
SWAP_LOCATION;S52;69151;;8.79057;49.39453;0;1;0
SWAP_LOCATION;S53;66636;;6.98371;49.48726;0;1;0
SWAP_LOCATION;S54;67304;;8.07184;49.55304;0;1;0
SWAP_LOCATION;S55;76131;;8.41902;49.00901;0;1;0
SWAP_LOCATION;S56;54329;;6.56010;49.68567;0;1;0
SWAP_LOCATION;S57;66693;;6.58526;49.49895;0;1;0
SWAP_LOCATION;S58;56288;;7.44496;50.06891;0;1;0
SWAP_LOCATION;S59;55566;;7.64047;49.78087;0;1;0
SWAP_LOCATION;S60;76593;;8.33227;48.77128;0;1;0
SWAP_LOCATION;S61;76189;;8.34122;49.01172;0;1;0
SWAP_LOCATION;S62;66679;;6.75335;49.50109;0;1;0
SWAP_LOCATION;S63;65520;;8.24950;50.29640;0;1;0
SWAP_LOCATION;S64;56825;;7.08726;50.15670;0;1;0
SWAP_LOCATION;S65;66887;;7.55608;49.53570;0;1;0
SWAP_LOCATION;S66;67547;;8.36210;49.65458;0;1;0
SWAP_LOCATION;S67;65926;;8.54930;50.08556;0;1;0
SWAP_LOCATION;S68;97892;;9.53494;49.77540;0;1;0
SWAP_LOCATION;S69;54567;;6.66407;50.24031;0;1;0
SWAP_LOCATION;S70;66620;;7.00885;49.60405;0;1;0
SWAP_LOCATION;S71;55765;;7.16849;49.64836;0;1;0
SWAP_LOCATION;S72;67063;;8.40463;49.48848;0;1;0
SWAP_LOCATION;S73;68305;;8.46913;49.52845;0;1;0
SWAP_LOCATION;S74;68649;;8.48179;49.71849;0;1;0
SWAP_LOCATION;S75;68167;;8.49595;49.49907;0;1;0
SWAP_LOCATION;S76;68519;;8.58057;49.54633;0;1;0
SWAP_LOCATION;S77;60487;;8.63868;50.12575;0;1;0
SWAP_LOCATION;S78;76684;;8.72514;49.22809;0;1;0
SWAP_LOCATION;S79;64372;;8.74143;49.83628;0;1;0
SWAP_LOCATION;S80;63477;;8.85991;50.13136;0;1;0
SWAP_LOCATION;S81;63911;;9.18383;49.76115;0;1;0
SWAP_LOCATION;S82;55483;;7.25618;49.93332;0;1;0
SWAP_LOCATION;S83;55435;;8.02109;49.96490;0;1;0
SWAP_LOCATION;S84;56856;;7.16255;50.02846;0;1;0
SWAP_LOCATION;S85;54516;;6.89307;49.98189;0;1;0
SWAP_LOCATION;S86;65824;;8.52648;50.14907;0;1;0
SWAP_LOCATION;S87;75228;;8.66638;48.91365;0;1;0
SWAP_LOCATION;S88;76227;;8.47316;48.99750;0;1;0
SWAP_LOCATION;S89;76135;;8.38081;48.99834;0;1;0
SWAP_LOCATION;S90;76297;;8.45547;49.07329;0;1;0
SWAP_LOCATION;S91;75217;;8.64666;48.87661;0;1;0
SWAP_LOCATION;S92;76133;;8.38700;49.00501;0;1;0
SWAP_LOCATION;S93;66538;;7.18220;49.34364;0;1;0
SWAP_LOCATION;S94;76275;;8.41153;48.94750;0;1;0
SWAP_LOCATION;S95;66482;;7.40141;49.21838;0;1;0
SWAP_LOCATION;S96;76275;;8.44396;48.93242;0;1;0
SWAP_LOCATION;S97;76661;;8.46344;49.22563;0;1;0
SWAP_LOCATION;S98;75223;;8.78659;48.91451;0;1;0
SWAP_LOCATION;S99;76135;;8.36531;49.00369;0;1;0
CUSTOMER;C1;75015;Bretten-Rinklingen;8.68674;49.03529;400;0;3000
CUSTOMER;C2;68199;Mannheim;8.51206;49.43919;480;0;2640
CUSTOMER;C3;55606;Kirn;7.44594;49.79178;250;0;1980
CUSTOMER;C4;63128;Dietzenbach;8.80569;50.01779;240;0;1920
CUSTOMER;C5;36381;Schlüchtern;9.51222;50.35510;215;0;1860
CUSTOMER;C6;66564;Ottweiler;7.16556;49.40389;195;0;1800
CUSTOMER;C7;76189;Karlsruhe;8.30514;49.01465;190;0;1800
CUSTOMER;C8;66538;Neunkirchen;7.23882;49.32080;150;0;1680
CUSTOMER;C9;68169;Mannheim;8.45444;49.52366;130;0;1620
CUSTOMER;C10;75323;Bad Wildbad;8.55241;48.75643;125;0;1560
CUSTOMER;C11;63505;Langenselbold;9.01843;50.17803;125;0;1560
CUSTOMER;C12;67806;Rockenhausen;7.82860;49.63654;120;0;1560
CUSTOMER;C13;76297;Stutensee;8.46584;49.07630;120;0;1560
CUSTOMER;C14;63674;ALTENSTADT;8.94997;50.28950;120;0;1560
CUSTOMER;C15;54470;Bernkastel-Kues;7.05912;49.92936;120;0;1560
CUSTOMER;C16;55758;Niederwörresbach;7.33854;49.76652;120;0;1560
CUSTOMER;C17;67468;NEIDENFELS;8.04503;49.38888;120;0;1560
CUSTOMER;C18;76437;Rastatt;8.23122;48.85455;120;0;1560
CUSTOMER;C19;76185;Karlsruhe;8.35322;49.00818;120;0;1560
CUSTOMER;C20;76646;Bruchsal;8.57692;49.12214;120;0;1560
CUSTOMER;C21;64283;Darmstadt;8.64732;49.87359;120;0;1560
CUSTOMER;C22;69120;Heidelberg;8.67212;49.41502;120;0;1560
CUSTOMER;C23;66955;Pirmasens;7.58580;49.18570;105;0;1500
CUSTOMER;C24;66773;Schwalbach;6.79586;49.29838;100;0;1500
CUSTOMER;C25;61440;Oberursel;8.58986;50.18903;100;0;1500
CUSTOMER;C26;54634;Bitburg;6.52321;49.97444;90;0;1500
CUSTOMER;C27;60314;Frankfurt;8.73270;50.11755;85;0;1440
CUSTOMER;C28;55257;Budenheim;8.16940;50.02830;70;0;1440
CUSTOMER;C29;61184;Karben;8.75571;50.23627;70;0;1440
CUSTOMER;C30;76133;Karlsruhe;8.40341;49.00547;65;0;1380
CUSTOMER;C31;9515;Wiltz - LUXEMBURG;5.93411;49.96511;60;0;1380
CUSTOMER;C32;54311;Trierweiler-Sirzenich;6.58579;49.77117;60;0;1380
CUSTOMER;C33;54347;Neumagen;6.90062;49.85655;60;0;1380
CUSTOMER;C34;54424;Thalfang;7.00453;49.75089;60;0;1380
CUSTOMER;C35;67292;Kirchheim-Bolanden;7.95838;49.67804;60;0;1380
CUSTOMER;C36;76131;Karlsruhe;8.42925;49.02193;60;0;1380
CUSTOMER;C37;68642;Bürstadt;8.47685;49.63976;60;0;1380
CUSTOMER;C38;64521;GROSS-GERAU;8.49978;49.92638;60;0;1380
CUSTOMER;C39;64686;Lautertal;8.69974;49.71332;60;0;1380
CUSTOMER;C40;63571;GELNHAUSEN;9.17765;50.18635;60;0;1380
CUSTOMER;C41;76131;Karlsruhe;8.41370;49.01049;25;0;1260
CUSTOMER;C42;76726;Germersheim;8.36780;49.20180;10;0;1260
CUSTOMER;C43;76829;Landau;8.11312;49.21066;10;0;1260
CUSTOMER;C44;76189;Karlsruhe;8.33586;49.01626;10;0;1260
CUSTOMER;C45;54293;TRIER;6.69049;49.79857;5;0;1200
CUSTOMER;C46;76768;Berg;8.20429;48.98905;5;0;1200
CUSTOMER;C47;55128;MAINZ;8.25999;49.96226;5;0;1200
CUSTOMER;C48;76131;Karlsruhe;8.32603;49.00039;5;0;1200
CUSTOMER;C49;65719;HOFHEIM;8.38167;50.06735;5;0;1200
CUSTOMER;C50;76327;Pfinztal;8.53839;48.99805;5;0;1200
CUSTOMER;C51;76646;Bruchsal;8.55330;49.13195;995;1;4200
CUSTOMER;C52;67065;LUDWIGSHAFEN;8.44340;49.45989;720;1;3360
CUSTOMER;C53;69120;HEIDELBERG;8.67142;49.41640;720;1;3360
CUSTOMER;C54;68219;Mannheim;8.52266;49.43260;600;1;3000
CUSTOMER;C55;76698;Ubstadt-Weiher;8.68689;49.17596;600;1;3000
CUSTOMER;C56;68753;WAGHAEUSEL-KIRRLACH;8.53727;49.24760;555;1;2880
CUSTOMER;C57;75334;Straubenhardt;8.51871;48.84331;490;1;2700
CUSTOMER;C58;68199;Mannheim;8.49978;49.44512;480;1;2640
CUSTOMER;C59;76726;Germersheim;8.36751;49.23578;425;1;2460
CUSTOMER;C60;74909;Meckesheim;8.80493;49.32501;420;1;2460
CUSTOMER;C61;66839;SCHMELZ;6.87376;49.47633;400;1;2400
CUSTOMER;C62;76187;Karlsruhe;8.32264;49.05820;385;1;2340
CUSTOMER;C63;76646;Bruchsal;8.56725;49.12679;380;1;2340
CUSTOMER;C64;68219;Mannheim;8.51464;49.41990;360;1;2280
CUSTOMER;C65;76530;Baden-Baden;8.20392;48.78182;360;1;2280
CUSTOMER;C66;76877;Offenbach;8.20994;49.19815;360;1;2280
CUSTOMER;C67;76344;Eggenstein-Leopoldshafen;8.40925;49.09341;360;1;2280
CUSTOMER;C68;67346;Speyer;8.44956;49.33355;360;1;2280
CUSTOMER;C69;76356;Weingarten;8.55351;49.04724;360;1;2280
CUSTOMER;C70;75245;Neulingen-Göbrichen;8.70737;48.95243;360;1;2280
CUSTOMER;C71;66127;Saarbrücken;6.99891;49.26522;340;1;2220
CUSTOMER;C72;76661;Philipsburg;8.46350;49.22319;330;1;2220
CUSTOMER;C73;76133;Karlsruhe;8.40017;49.00792;325;1;2160
CUSTOMER;C74;67125;Dannstadt;8.32099;49.42913;320;1;2160
CUSTOMER;C75;67278;Bockenheim;8.18610;49.60573;300;1;2100
CUSTOMER;C76;65199;Wiesbaden;8.19090;50.06602;300;1;2100
CUSTOMER;C77;76470;Ötigheim;8.26292;48.88619;290;1;2100
CUSTOMER;C78;67655;Kaiserslautern;7.77631;49.43870;280;1;2040
CUSTOMER;C79;66359;Bous;6.79326;49.27217;280;1;2040
CUSTOMER;C80;76227;Karlsruhe;8.44694;48.99135;280;1;2040
CUSTOMER;C81;76135;Karlsruhe;8.38063;49.00060;275;1;2040
CUSTOMER;C82;66121;Saarbrücken;7.01457;49.22446;275;1;2040
CUSTOMER;C83;67105;Schifferstadt;8.39346;49.36302;260;1;1980
CUSTOMER;C84;76676;Graben-Neudorf;8.48996;49.16401;260;1;1980
CUSTOMER;C85;66450;Bexbach;7.24906;49.35966;255;1;1980
CUSTOMER;C86;68642;Bürstadt;8.46374;49.64312;255;1;1980
CUSTOMER;C87;76726;Karlsruhe;8.33824;49.05302;250;1;1980
CUSTOMER;C88;76189;Karlsruhe;8.33300;49.01222;240;1;1920
CUSTOMER;C89;66424;Homburg-Reiskirchen;7.32790;49.34531;240;1;1920
CUSTOMER;C90;66115;Saarbrücken;6.96022;49.23683;240;1;1920
CUSTOMER;C91;66636;Tholey;7.03816;49.47574;240;1;1920
CUSTOMER;C92;66386;St. Ingbert;7.11167;49.27617;240;1;1920
CUSTOMER;C93;66482;Zweibrücken;7.35424;49.25201;240;1;1920
CUSTOMER;C94;67435;NEUSTADT AN DER WEINSTRASSE;8.20103;49.36333;240;1;1920
CUSTOMER;C95;76744;Wörth;8.24659;49.05535;240;1;1920
CUSTOMER;C96;76767;Hagenbach;8.25155;49.01028;240;1;1920
CUSTOMER;C97;76761;Rülzheim;8.29837;49.14886;240;1;1920
CUSTOMER;C98;76275;Ettlingen;8.38108;48.94312;240;1;1920
CUSTOMER;C99;67065;LUDWIGSHAFEN;8.41972;49.45918;240;1;1920
CUSTOMER;C100;67346;Speyer;8.45607;49.30152;240;1;1920
CUSTOMER;C101;76227;Karlsruhe;8.45852;48.99817;240;1;1920
CUSTOMER;C102;68169;Mannheim;8.47655;49.50558;240;1;1920
CUSTOMER;C103;68199;Mannheim;8.49433;49.44689;240;1;1920
CUSTOMER;C104;68219;Mannheim;8.51331;49.42959;240;1;1920
CUSTOMER;C105;68219;Mannheim;8.51349;49.44374;240;1;1920
CUSTOMER;C106;68219;Mannheim;8.51823;49.42741;240;1;1920
CUSTOMER;C107;68766;Hockenheim;8.52595;49.33555;240;1;1920
CUSTOMER;C108;68723;Schwetzingen;8.58114;49.38082;240;1;1920
CUSTOMER;C109;76709;Kronau;8.63144;49.22011;240;1;1920
CUSTOMER;C110;69214;Eppelheim;8.63323;49.38936;240;1;1920
CUSTOMER;C111;68789;St.-Leon-Rot;8.64133;49.24468;240;1;1920
CUSTOMER;C112;68789;St. Leon-Rot;8.65052;49.24293;240;1;1920
CUSTOMER;C113;69120;Heidelberg;8.67119;49.41738;240;1;1920
CUSTOMER;C114;75015;Bretten;8.71623;49.03375;240;1;1920
CUSTOMER;C115;63906;Erlenbach;9.16259;49.79907;240;1;1920
CUSTOMER;C116;76187;Karlsruhe;8.33433;49.05090;220;1;1860
CUSTOMER;C117;75015;Bretten;8.73804;49.04867;215;1;1860
CUSTOMER;C118;76726;Karlsruhe;8.32075;49.05640;210;1;1860
CUSTOMER;C119;69126;Heidelberg;8.69166;49.37870;210;1;1860
CUSTOMER;C120;66333;Völklingen;6.85784;49.24742;210;1;1860
CUSTOMER;C121;66424;Homburg;7.35528;49.34341;200;1;1800
CUSTOMER;C122;76857;ALBERSWEILER;8.03348;49.21699;200;1;1800
CUSTOMER;C123;67468;Frankeneck;8.05029;49.37527;200;1;1800
CUSTOMER;C124;55122;MAINZ;8.24094;50.01618;200;1;1800
CUSTOMER;C125;76767;Hagenbach;8.25915;49.00844;200;1;1800
CUSTOMER;C126;76189;Karlsruhe;8.31846;49.01113;200;1;1800
CUSTOMER;C127;76275;Ettlingen;8.38154;48.94279;190;1;1800
CUSTOMER;C128;61130;Nidderau;8.86492;50.24427;190;1;1800
CUSTOMER;C129;76855;Annweiler;7.97823;49.20827;185;1;1740
CUSTOMER;C130;66346;Püttlingen;6.88466;49.27847;180;1;1740
CUSTOMER;C131;55131;Mainz;8.26028;49.99264;180;1;1740
CUSTOMER;C132;76185;Karlsruhe;8.36767;49.00083;180;1;1740
CUSTOMER;C133;76726;Germersheim;8.36909;49.23403;180;1;1740
CUSTOMER;C134;68169;Mannheim;8.45037;49.50463;180;1;1740
CUSTOMER;C135;68169;Mannheim;8.45448;49.51648;180;1;1740
CUSTOMER;C136;64546;Mörfelden-Walldorf;8.58518;50.01295;180;1;1740
CUSTOMER;C137;69120;Heidelberg;8.66786;49.41695;180;1;1740
CUSTOMER;C138;69168;Wiesloch;8.69368;49.29463;180;1;1740
CUSTOMER;C139;75438;KNITTLINGEN;8.75004;49.02646;180;1;1740
CUSTOMER;C140;63755;ALZENAU;9.04048;50.09695;180;1;1740
CUSTOMER;C141;63607;Wächtersbach;9.28573;50.25837;180;1;1740
CUSTOMER;C142;69412;Eberbach;8.96190;49.46380;175;1;1740
CUSTOMER;C143;66128;Saarbrücken-Gersweiler;6.92285;49.23150;175;1;1740
CUSTOMER;C144;75334;Straubenhardt;8.51862;48.84696;175;1;1740
CUSTOMER;C145;69115;Heidelberg;8.67601;49.39684;175;1;1740
CUSTOMER;C146;54634;Bitburg;6.53573;49.94179;170;1;1740
CUSTOMER;C147;76316;Malsch - Völkersbach;8.39436;48.86496;170;1;1740
CUSTOMER;C148;76703;Kraichtal-Gochsheim;8.74151;49.10941;170;1;1740
CUSTOMER;C149;66839;SCHMELZ;6.85913;49.44660;160;1;1680
CUSTOMER;C150;75179;Pforzheim;8.65185;48.88080;160;1;1680
CUSTOMER;C151;66333;Völklingen;6.82341;49.24911;160;1;1680
CUSTOMER;C152;76829;Landau;8.17323;49.20537;160;1;1680
CUSTOMER;C153;76870;Kandel;8.17728;49.09955;160;1;1680
CUSTOMER;C154;76870;Kandel;8.19588;49.08225;160;1;1680
CUSTOMER;C155;55130;Mainz;8.28814;49.97601;160;1;1680
CUSTOMER;C156;76646;Bruchsal;8.60424;49.13319;160;1;1680
CUSTOMER;C157;75015;Bretten;8.69758;49.03465;160;1;1680
CUSTOMER;C158;75059;Zaisenhausen;8.80748;49.10345;160;1;1680
CUSTOMER;C159;54294;Trier;6.60773;49.73000;160;1;1680
CUSTOMER;C160;76189;Karlsruhe;8.33740;49.01622;155;1;1680
CUSTOMER;C161;68647;Biblis;8.48724;49.69365;155;1;1680
CUSTOMER;C162;76646;Bruchsal;8.52769;49.09812;155;1;1680
CUSTOMER;C163;68623;Lampertheim-Hofheim;8.42240;49.65835;150;1;1680
CUSTOMER;C164;68775;KETSCH;8.52755;49.35750;150;1;1680
CUSTOMER;C165;69120;Heidelberg;8.66960;49.41812;150;1;1680
CUSTOMER;C166;66482;ZWEIBRÜCKEN;7.34635;49.24715;150;1;1680
CUSTOMER;C167;76189;Karlsruhe;8.34022;49.02085;150;1;1680
CUSTOMER;C168;68305;Mannheim;8.48563;49.52645;150;1;1680
CUSTOMER;C169;76149;Karlsruhe;8.39200;49.04253;145;1;1620
CUSTOMER;C170;76187;Karlsruhe;8.33550;49.03761;145;1;1620
CUSTOMER;C171;66538;Neunkirchen;7.19446;49.35079;145;1;1620
CUSTOMER;C172;76829;Landau;8.16561;49.20294;145;1;1620
CUSTOMER;C173;76275;Ettlingen;8.38199;48.94534;145;1;1620
CUSTOMER;C174;76137;Karlsruhe;8.39108;48.99846;145;1;1620
CUSTOMER;C175;76356;Weingarten;8.51713;49.05362;145;1;1620
CUSTOMER;C176;75196;REMCHINGEN;8.57774;48.95271;145;1;1620
CUSTOMER;C177;63110;Rodgau;8.89600;50.05663;140;1;1620
CUSTOMER;C178;55122;Mainz;8.24868;50.01866;140;1;1620
CUSTOMER;C179;76137;Daxlanden;8.31781;49.00862;140;1;1620
CUSTOMER;C180;76287;Rheinstetten;8.33411;48.96388;140;1;1620
CUSTOMER;C181;67365;SCHWEGENHEIM;8.33541;49.27545;140;1;1620
CUSTOMER;C182;75181;Pforzheim;8.75201;48.88768;140;1;1620
CUSTOMER;C183;66424;Homburg;7.34730;49.30972;135;1;1620
CUSTOMER;C184;67283;OBRIGHEIM;8.21815;49.59753;135;1;1620
CUSTOMER;C185;67059;LUDWIGSHAFEN;8.42510;49.48377;130;1;1620
CUSTOMER;C186;76646;Bruchsal;8.56240;49.11999;130;1;1620
CUSTOMER;C187;75015;Bretten;8.74430;49.05257;130;1;1620
CUSTOMER;C188;54293;Trier;6.69506;49.79655;130;1;1620
CUSTOMER;C189;55543;Bad Kreuznach;7.87239;49.84046;130;1;1620
CUSTOMER;C190;76135;Karlsruhe;8.38064;48.99835;130;1;1620
CUSTOMER;C191;67433;Neustadt;8.16024;49.35474;125;1;1560
CUSTOMER;C192;76661;Philippsburg;8.44995;49.24883;125;1;1560
CUSTOMER;C193;60388;Frankfurt;8.73603;50.13973;125;1;1560
CUSTOMER;C194;69239;Neckarsteinach;8.85000;49.39734;120;1;1560
CUSTOMER;C195;76297;Stutensee;8.45771;49.07500;120;1;1560
CUSTOMER;C196;66839;SCHMELZ;6.87683;49.47540;120;1;1560
CUSTOMER;C197;66822;Lebach;6.96505;49.44760;120;1;1560
CUSTOMER;C198;66606;St. Wendel;7.17663;49.47830;120;1;1560
CUSTOMER;C199;66459;Kirkel;7.22320;49.28672;120;1;1560
CUSTOMER;C200;67655;Kaiserslautern;7.77090;49.44101;120;1;1560
CUSTOMER;C201;76767;Hagenbach;8.25680;49.01204;120;1;1560
CUSTOMER;C202;68753;Waghäusel;8.50430;49.24512;120;1;1560
CUSTOMER;C203;76689;Karlsdorf-Neuthard;8.54517;49.13610;120;1;1560
CUSTOMER;C204;75172;Pforzheim;8.67162;48.88880;120;1;1560
CUSTOMER;C205;60598;Frankfurt am Main;8.69130;50.10138;120;1;1560
CUSTOMER;C206;76703;Kraichtal;8.72330;49.12132;120;1;1560
CUSTOMER;C207;66663;Merzig;6.63959;49.45465;120;1;1560
CUSTOMER;C208;66740;Saarlouis;6.77164;49.35251;120;1;1560
CUSTOMER;C209;66793;Saarwellingen;6.77757;49.35173;120;1;1560
CUSTOMER;C210;66793;Saarwellingen;6.78412;49.35166;120;1;1560
CUSTOMER;C211;66822;Lebach;6.88629;49.40435;120;1;1560
CUSTOMER;C212;66130;Saarbrücken;7.04072;49.21092;120;1;1560
CUSTOMER;C213;66280;Sulzbach;7.05008;49.30374;120;1;1560
CUSTOMER;C214;66578;Heiligenwald;7.10659;49.35127;120;1;1560
CUSTOMER;C215;66539;Neunkirchen;7.23311;49.34372;120;1;1560
CUSTOMER;C216;66459;Kirkel;7.23848;49.28207;120;1;1560
CUSTOMER;C217;66440;Blieskastel-Bierbach;7.29283;49.26606;120;1;1560
CUSTOMER;C218;66424;Homburg;7.32537;49.30775;120;1;1560
CUSTOMER;C219;66482;Zweibrücken;7.36339;49.26539;120;1;1560
CUSTOMER;C220;55571;Odernheim;7.70069;49.76387;120;1;1560
CUSTOMER;C221;76857;Albersweiler Pfalz;8.02075;49.21991;120;1;1560
CUSTOMER;C222;67434;Neustadt/Weinstrasse;8.10369;49.35893;120;1;1560
CUSTOMER;C223;76829;Landau;8.12447;49.20964;120;1;1560
CUSTOMER;C224;67435;NEUSTADT;8.16767;49.36811;120;1;1560
CUSTOMER;C225;67098;BAD DUERKHEIM;8.16803;49.46348;120;1;1560
CUSTOMER;C226;76829;LANDAU;8.16983;49.20597;120;1;1560
CUSTOMER;C227;67269;Gruenstadt;8.18311;49.56305;120;1;1560
CUSTOMER;C228;76870;KANDEL;8.19357;49.08313;120;1;1560
CUSTOMER;C229;76530;Baden Baden;8.19489;48.74617;120;1;1560
CUSTOMER;C230;76879;Hochstadt;8.20174;49.23936;120;1;1560
CUSTOMER;C231;76877;Offenbach an der Queich;8.20932;49.20146;120;1;1560
CUSTOMER;C232;67593;Westhofen;8.24633;49.70027;120;1;1560
CUSTOMER;C233;76756;Bellheim;8.27894;49.18964;120;1;1560
CUSTOMER;C234;76744;WOERTH;8.28006;49.05139;120;1;1560
CUSTOMER;C235;76461;Muggensturm;8.28493;48.87884;120;1;1560
CUSTOMER;C236;76756;Bellheim;8.28939;49.19436;120;1;1560
CUSTOMER;C237;76744;Wörth;8.29605;49.06813;120;1;1560
CUSTOMER;C238;76744;WOERTH;8.29659;49.06862;120;1;1560
CUSTOMER;C239;76316;Malsch;8.31174;48.88921;120;1;1560
CUSTOMER;C240;65462;Ginsheim-Gustavsburg;8.31526;49.99225;120;1;1560
CUSTOMER;C241;76189;KARLSRUHE;8.31634;48.99614;120;1;1560
CUSTOMER;C242;76189;Karlsruhe;8.33661;49.01406;120;1;1560
CUSTOMER;C243;76185;Karlsruhe;8.34414;49.00764;120;1;1560
CUSTOMER;C244;76189;Karlsruhe;8.34696;49.01373;120;1;1560
CUSTOMER;C245;76275;Ettlingen;8.36608;48.94065;120;1;1560
CUSTOMER;C246;76344;Eggenstein;8.37905;49.07724;120;1;1560
CUSTOMER;C247;76135;Karlsruhe;8.39195;48.99054;120;1;1560
CUSTOMER;C248;67071;Ludwigshafen;8.39479;49.48867;120;1;1560
CUSTOMER;C249;76153;Karlsruhe;8.39973;48.99114;120;1;1560
CUSTOMER;C250;67071;Ludwigshafen;8.40654;49.44591;120;1;1560
CUSTOMER;C251;67354;Römerberg;8.41576;49.28101;120;1;1560
CUSTOMER;C252;65428;Rüsselsheim;8.42443;49.99681;120;1;1560
CUSTOMER;C253;67059;Ludwigshafen;8.43546;49.47945;120;1;1560
CUSTOMER;C254;76131;KARLSRUHE;8.44117;49.00641;120;1;1560
CUSTOMER;C255;76131;Karlsruhe;8.44165;49.02098;120;1;1560
CUSTOMER;C256;68159;Mannheim;8.44521;49.50447;120;1;1560
CUSTOMER;C257;68305;Mannheim;8.45533;49.53439;120;1;1560
CUSTOMER;C258;76227;Karlsruhe;8.46409;49.00053;120;1;1560
CUSTOMER;C259;76139;Karlsruhe;8.46558;49.01832;120;1;1560
CUSTOMER;C260;76297;Stutensee-Blankenloch;8.46566;49.07657;120;1;1560
CUSTOMER;C261;76229;Karlsruhe;8.47238;49.02996;120;1;1560
CUSTOMER;C262;68163;Mannheim;8.47882;49.47201;120;1;1560
CUSTOMER;C263;64579;Gernsheim;8.49015;49.76173;120;1;1560
CUSTOMER;C264;76676;Graben-Neudorf;8.49074;49.18003;120;1;1560
CUSTOMER;C265;68199;Mannheim;8.50311;49.44662;120;1;1560
CUSTOMER;C266;76307;Karlsbad;8.50701;48.88324;120;1;1560
CUSTOMER;C267;68219;Mannheim;8.50953;49.44289;120;1;1560
CUSTOMER;C268;68219;Mannheim;8.54029;49.41848;120;1;1560
CUSTOMER;C269;65929;Frankfurt;8.54456;50.10711;120;1;1560
CUSTOMER;C270;76689;Karlsdorf-Neuthard;8.55183;49.14829;120;1;1560
CUSTOMER;C271;76646;Bruchsal;8.56241;49.13993;120;1;1560
CUSTOMER;C272;76694;Forst;8.57497;49.15811;120;1;1560
CUSTOMER;C273;76646;BRUCHSAL;8.57705;49.12221;120;1;1560
CUSTOMER;C274;68526;Ladenburg;8.59989;49.47739;120;1;1560
CUSTOMER;C275;68526;LADENBURG;8.60094;49.47678;120;1;1560
CUSTOMER;C276;75305;Neuenbürg;8.60676;48.85273;120;1;1560
CUSTOMER;C277;61350;Bad Homburg;8.60676;50.23328;120;1;1560
CUSTOMER;C278;75203;KOENIGSBACH-STEIN;8.63402;48.96149;120;1;1560
CUSTOMER;C279;60439;Frankfurt;8.64053;50.16971;120;1;1560
CUSTOMER;C280;69120;HEIDELBERG;8.66556;49.42068;120;1;1560
CUSTOMER;C281;75172;Pforzheim Brötzingen;8.66803;48.88895;120;1;1560
CUSTOMER;C282;75179;Pforzheim;8.66936;48.90129;120;1;1560
CUSTOMER;C283;69120;Heidelberg;8.67243;49.41491;120;1;1560
CUSTOMER;C284;69120;Heidelberg;8.67336;49.41707;120;1;1560
CUSTOMER;C285;69120;Heidelberg;8.67479;49.42228;120;1;1560
CUSTOMER;C286;69115;Heidelberg;8.67935;49.39768;120;1;1560
CUSTOMER;C287;69126;Heidelberg;8.68007;49.36681;120;1;1560
CUSTOMER;C288;69115;Heidelberg;8.68581;49.40512;120;1;1560
CUSTOMER;C289;69181;Leimen;8.68918;49.35698;120;1;1560
CUSTOMER;C290;75172;Pforzheim;8.69884;48.89158;120;1;1560
CUSTOMER;C291;76703;Kraichtal-Oberacker;8.71463;49.10467;120;1;1560
CUSTOMER;C292;75015;Bretten-Gölshausen;8.74368;49.05416;120;1;1560
CUSTOMER;C293;75015;Bretten;8.74486;49.05444;120;1;1560
CUSTOMER;C294;75438;Knittlingen;8.75462;49.01732;120;1;1560
CUSTOMER;C295;63179;Obertshausen;8.83364;50.06674;120;1;1560
CUSTOMER;C296;63791;Karlstein;8.99279;50.04515;120;1;1560
CUSTOMER;C297;69439;Zwingenberg am Neckar;9.04386;49.41291;120;1;1560
CUSTOMER;C298;63811;Stockstadt;9.06569;49.97758;120;1;1560
CUSTOMER;C299;67059;Ludwigshafen;8.45532;49.47433;120;1;1560
CUSTOMER;C300;76131;Karlsruhe;8.41699;49.01827;115;1;1560
CUSTOMER;C301;60596;Frankfurt;8.66095;50.09646;115;1;1560
CUSTOMER;C302;76227;Karlsruhe;8.46351;49.00120;110;1;1560
CUSTOMER;C303;55218;Ingelheim;8.04121;49.97327;110;1;1560
CUSTOMER;C304;76437;Rastatt;8.19622;48.86309;110;1;1560
CUSTOMER;C305;76137;Karlsruhe;8.42535;49.00014;110;1;1560
CUSTOMER;C306;68305;Mannheim;8.48118;49.53149;110;1;1560
CUSTOMER;C307;68305;Mannheim;8.51743;49.51271;110;1;1560
CUSTOMER;C308;64293;DARMSTADT;8.63712;49.87303;110;1;1560
CUSTOMER;C309;76703;Kraichtal-Münzesheim;8.72523;49.12017;110;1;1560
CUSTOMER;C310;63073;Offenbach;8.83213;50.08336;110;1;1560
CUSTOMER;C311;63450;Hanau;8.91986;50.11964;110;1;1560
CUSTOMER;C312;63811;Stockstadt;9.07624;49.96496;110;1;1560
CUSTOMER;C313;54347;Neumagen-Dhron;6.91610;49.85675;105;1;1500
CUSTOMER;C314;76829;Landau;8.13029;49.21057;105;1;1500
CUSTOMER;C315;76761;Rülzheim;8.29688;49.16295;105;1;1500
CUSTOMER;C316;76571;Gaggenau;8.34032;48.78803;105;1;1500
CUSTOMER;C317;69254;MALSCH;8.65409;49.24214;105;1;1500
CUSTOMER;C318;76187;Karlsruhe;8.34570;49.02653;100;1;1500
CUSTOMER;C319;54439;Saarburg;6.57708;49.60749;100;1;1500
CUSTOMER;C320;55450;Langenlonsheim;7.90575;49.89541;100;1;1500
CUSTOMER;C321;67071;Ludwigshafen;8.36265;49.48259;100;1;1500
CUSTOMER;C322;68623;Lampertheim;8.45043;49.60846;100;1;1500
CUSTOMER;C323;65933;Frankfurt;8.58138;50.09105;100;1;1500
CUSTOMER;C324;64293;Darmstadt;8.61959;49.88479;100;1;1500
CUSTOMER;C325;60437;Frankfurt;8.64273;50.19298;100;1;1500
CUSTOMER;C326;75180;Pforzheim;8.65734;48.86033;100;1;1500
CUSTOMER;C327;66125;Saarbrücken - Dudweiler;7.04353;49.29086;95;1;1500
CUSTOMER;C328;55743;Idar-Oberstein;7.34681;49.70464;95;1;1500
CUSTOMER;C329;76189;Karlsruhe;8.31604;49.01214;95;1;1500
CUSTOMER;C330;76189;KARLSRUHE;8.31793;49.00863;95;1;1500
CUSTOMER;C331;65423;Rüsselsheim;8.40242;49.98705;95;1;1500
CUSTOMER;C332;76199;Karlsruhe;8.41243;48.97239;95;1;1500
CUSTOMER;C333;65795;Hattersheim;8.49152;50.04941;95;1;1500
CUSTOMER;C334;76229;Karlsruhe;8.50721;49.00507;95;1;1500
CUSTOMER;C335;75172;Pforzheim;8.69670;48.89067;90;1;1500
CUSTOMER;C336;63897;Miltenberg;9.22730;49.70565;90;1;1500
CUSTOMER;C337;54294;Trier;6.61184;49.73024;90;1;1500
CUSTOMER;C338;76131;Karlsruhe;8.41177;49.00936;90;1;1500
CUSTOMER;C339;76131;Karlsruhe;8.42833;49.01339;90;1;1500
CUSTOMER;C340;68169;Mannheim;8.45203;49.52866;90;1;1500
CUSTOMER;C341;63075;Offenbach;8.79608;50.10827;90;1;1500
CUSTOMER;C342;63450;Hanau;8.92883;50.13000;90;1;1500
CUSTOMER;C343;68519;Viernheim;8.59479;49.55370;85;1;1440
CUSTOMER;C344;66359;Bous;6.79138;49.28398;85;1;1440
CUSTOMER;C345;66280;Sulzbach;7.07556;49.28867;85;1;1440
CUSTOMER;C346;76185;KARLSRUHE;8.35678;49.02516;85;1;1440
CUSTOMER;C347;76135;Karlsruhe;8.37148;48.98395;85;1;1440
CUSTOMER;C348;67346;Speyer;8.44442;49.32264;85;1;1440
CUSTOMER;C349;60438;FRANKFURT;8.63372;50.17433;85;1;1440
CUSTOMER;C350;63911;Klingenberg;9.17016;49.78207;85;1;1440
CUSTOMER;C351;64579;Gernsheim;8.48390;49.75212;80;1;1440
CUSTOMER;C352;68526;Ladenburg;8.58074;49.48150;80;1;1440
CUSTOMER;C353;76189;Karlsruhe;8.31499;49.01269;80;1;1440
CUSTOMER;C354;65428;Rüsselsheim;8.42736;49.98886;80;1;1440
CUSTOMER;C355;68167;Mannheim;8.50152;49.49457;80;1;1440
CUSTOMER;C356;68309;Mannheim;8.50183;49.51035;80;1;1440
CUSTOMER;C357;75334;Straubenhardt-Conweiler;8.51587;48.84309;80;1;1440
CUSTOMER;C358;60326;Frankfurt;8.63922;50.10532;80;1;1440
CUSTOMER;C359;64293;DARMSTADT;8.65242;49.88836;80;1;1440
CUSTOMER;C360;76448;Durmersheim;8.25520;48.94262;75;1;1440
CUSTOMER;C361;76275;Ettlingen;8.37345;48.95360;75;1;1440
CUSTOMER;C362;76744;Wörth;8.29754;49.06921;75;1;1440
CUSTOMER;C363;76131;Karlsruhe;8.41319;49.01171;75;1;1440
CUSTOMER;C364;68753;Waghäusel-Kirrlach;8.54316;49.24843;75;1;1440
CUSTOMER;C365;65926;Frankfurt;8.68062;50.11145;75;1;1440
CUSTOMER;C366;69412;Eberbach;9.01181;49.48316;75;1;1440
CUSTOMER;C367;76229;Karlsruhe;8.47410;49.02992;70;1;1440
CUSTOMER;C368;60327;FRANKFURT;8.65030;50.09861;70;1;1440
CUSTOMER;C369;63179;Obertshausen;8.85280;50.07021;70;1;1440
CUSTOMER;C370;54634;Bitburg;6.52547;49.95558;70;1;1440
CUSTOMER;C371;54311;Trierweiler;6.58717;49.76907;70;1;1440
CUSTOMER;C372;54292;Trier;6.66571;49.76614;70;1;1440
CUSTOMER;C373;67365;SCHWEGENHEIM;8.33568;49.27394;70;1;1440
CUSTOMER;C374;76131;Karlsruhe;8.43141;49.00645;70;1;1440
CUSTOMER;C375;68229;Mannheim;8.56539;49.45108;70;1;1440
CUSTOMER;C376;66606;St. Wendel;7.14608;49.46458;65;1;1380
CUSTOMER;C377;76185;Karlsruhe;8.35853;49.00791;65;1;1380
CUSTOMER;C378;76344;Eggenstein-Leopoldshafen;8.42865;49.09199;65;1;1380
CUSTOMER;C379;76227;Karlsruhe;8.44513;48.99308;65;1;1380
CUSTOMER;C380;76227;Karlsruhe;8.47005;49.00436;65;1;1380
CUSTOMER;C381;69469;Weinheim;8.66366;49.55477;65;1;1380
CUSTOMER;C382;63069;Offenbach;8.76635;50.08639;65;1;1380
CUSTOMER;C383;67292;Kirchheimbolanden;8.01169;49.67600;60;1;1380
CUSTOMER;C384;64646;Heppenheim;8.62600;49.64774;60;1;1380
CUSTOMER;C385;67304;Eisenberg;8.08010;49.55581;60;1;1380
CUSTOMER;C386;67278;Bockenheim;8.18040;49.61267;60;1;1380
CUSTOMER;C387;76726;Germersheim;8.38060;49.23011;60;1;1380
CUSTOMER;C388;65926;Frankfurt;8.55190;50.09039;60;1;1380
CUSTOMER;C389;75175;Pforzheim;8.71507;48.89150;60;1;1380
CUSTOMER;C390;54292;Trier;6.63937;49.76425;60;1;1380
CUSTOMER;C391;54292;TRIER;6.68106;49.77562;60;1;1380
CUSTOMER;C392;54286;Trier;6.68753;49.74522;60;1;1380
CUSTOMER;C393;54296;TRIER-Irsch;6.69733;49.72554;60;1;1380
CUSTOMER;C394;54429;MANDERN;6.76909;49.60541;60;1;1380
CUSTOMER;C395;54516;Wittlich;6.90311;49.97862;60;1;1380
CUSTOMER;C396;55768;Hoppstädten-Weiersbach OT Neubrücke;7.17242;49.60406;60;1;1380
CUSTOMER;C397;55483;Hahn;7.26256;49.93607;60;1;1380
CUSTOMER;C398;55743;Idar - Oberstein;7.37791;49.72164;60;1;1380
CUSTOMER;C399;55469;Altwedelbach;7.56534;49.99489;60;1;1380
CUSTOMER;C400;55569;MONZINGEN;7.59357;49.79115;60;1;1380
CUSTOMER;C401;55560;Bad Sobernheim;7.64735;49.78677;60;1;1380
CUSTOMER;C402;67677;Enkenbach-Alsenborn;7.88916;49.48455;60;1;1380
CUSTOMER;C403;55597;Wöllstein;7.98575;49.82529;60;1;1380
CUSTOMER;C404;55127;Mainz;8.21257;49.96107;60;1;1380
CUSTOMER;C405;76437;Rastatt;8.23251;48.85411;60;1;1380
CUSTOMER;C406;65520;Bad Camberg;8.25214;50.30078;60;1;1380
CUSTOMER;C407;65203;WIESBADEN;8.25401;50.03869;60;1;1380
CUSTOMER;C408;67551;WORMS;8.26314;49.63405;60;1;1380
CUSTOMER;C409;67227;Frankenthal;8.33784;49.53396;60;1;1380
CUSTOMER;C410;67227;Frankenthal;8.33839;49.54665;60;1;1380
CUSTOMER;C411;67227;Frankenthal;8.34761;49.54696;60;1;1380
CUSTOMER;C412;67227;Frankenthal;8.40146;49.55512;60;1;1380
CUSTOMER;C413;67063;Ludwigshafen;8.42328;49.49057;60;1;1380
CUSTOMER;C414;67059;Ludwigshafen;8.43056;49.48451;60;1;1380
CUSTOMER;C415;68169;MANNHEIM;8.45954;49.50863;60;1;1380
CUSTOMER;C416;68169;Mannheim;8.46511;49.52195;60;1;1380
CUSTOMER;C417;68623;LAMPERTHEIM;8.48112;49.59742;60;1;1380
CUSTOMER;C418;65926;Frankfurt;8.52897;50.09785;60;1;1380
CUSTOMER;C419;68309;Mannheim;8.55668;49.51371;60;1;1380
CUSTOMER;C420;68542;Heddesheim;8.60917;49.51445;60;1;1380
CUSTOMER;C421;64293;DARMSTADT;8.64325;49.89008;60;1;1380
CUSTOMER;C422;63329;Egelsbach;8.66591;49.96724;60;1;1380
CUSTOMER;C423;69120;Heidelberg;8.67254;49.41947;60;1;1380
CUSTOMER;C424;63303;Dreieich;8.69595;50.00321;60;1;1380
CUSTOMER;C425;60388;Frankfurt;8.74571;50.14378;60;1;1380
CUSTOMER;C426;64846;GROSS-ZIMMERN;8.81912;49.88181;60;1;1380
CUSTOMER;C427;63165;Mühlheim;8.84376;50.11356;60;1;1380
CUSTOMER;C428;61130;Nidderau;8.86404;50.24293;60;1;1380
CUSTOMER;C429;63450;Hanau;8.91342;50.13455;60;1;1380
CUSTOMER;C430;63450;Hanau;8.92307;50.11762;60;1;1380
CUSTOMER;C431;64832;Babenhausen;8.96004;49.95118;60;1;1380
CUSTOMER;C432;63674;ALTENSTADT;8.96566;50.27452;60;1;1380
CUSTOMER;C433;63538;Grosskrotzenburg;8.96752;50.08281;60;1;1380
CUSTOMER;C434;63796;KAHL;9.00271;50.07885;60;1;1380
CUSTOMER;C435;63791;Karlstein am Main;9.02483;50.04519;60;1;1380
CUSTOMER;C436;63762;Grossostheim;9.03397;49.93622;60;1;1380
CUSTOMER;C437;63755;ALZENAU;9.05013;50.09796;60;1;1380
CUSTOMER;C438;63571;Gelnhausen;9.22315;50.21212;60;1;1380
CUSTOMER;C439;63897;Miltenberg;9.22828;49.70482;60;1;1380
CUSTOMER;C440;63897;MILTENBERG;9.24602;49.71063;60;1;1380
CUSTOMER;C441;54492;Lösnich;7.03675;49.97745;60;1;1380
CUSTOMER;C442;63785;Obernburg;9.14712;49.83236;60;1;1380
CUSTOMER;C443;54497;Morbach;7.13353;49.81473;55;1;1380
CUSTOMER;C444;67292;Kirchheimbolanden;8.01285;49.66679;55;1;1380
CUSTOMER;C445;76870;Kandel;8.19581;49.08101;55;1;1380
CUSTOMER;C446;76139;Karlsruhe;8.44978;49.02498;55;1;1380
CUSTOMER;C447;63857;Waldaschaff;9.28028;49.97754;55;1;1380
CUSTOMER;C448;54338;Schweich;6.74200;49.82936;50;1;1380
CUSTOMER;C449;56288;Laubach;7.51455;50.05278;50;1;1380
CUSTOMER;C450;55585;OBERHAUSEN AN DER NAHE;7.75574;49.79342;50;1;1380
CUSTOMER;C451;76726;Germersheim;8.36431;49.20888;50;1;1380
CUSTOMER;C452;75339;Höfen;8.57759;48.79102;50;1;1380
CUSTOMER;C453;54296;Trier;6.67585;49.74833;45;1;1320
CUSTOMER;C454;54340;Longuich;6.76893;49.80549;45;1;1320
CUSTOMER;C455;76229;Karlsruhe;8.47292;49.02742;45;1;1320
CUSTOMER;C456;76187;Karlsruhe;8.31167;49.03886;40;1;1320
CUSTOMER;C457;76135;Karlsruhe-Bulach;8.37897;48.98827;40;1;1320
CUSTOMER;C458;76131;Karlsruhe;8.41215;49.00618;40;1;1320
CUSTOMER;C459;76297;STUTENSEE;8.46688;49.08053;40;1;1320
CUSTOMER;C460;65926;Frankfurt;8.54368;50.08223;40;1;1320
CUSTOMER;C461;76646;Bruchsal;8.57045;49.13251;40;1;1320
CUSTOMER;C462;76185;Karlsruhe;8.35734;49.00295;35;1;1320
CUSTOMER;C463;76356;WEINGARTEN;8.52244;49.04712;35;1;1320
CUSTOMER;C464;65929;Frankfurt;8.53918;50.09841;35;1;1320
CUSTOMER;C465;63755;Alzenau;9.04931;50.09366;35;1;1320
CUSTOMER;C466;76137;Karlsruhe;8.38620;49.00053;30;1;1320
CUSTOMER;C467;76149;Karlsruhe;8.39150;49.04399;30;1;1320
CUSTOMER;C468;76131;Karlsruhe;8.41630;49.01384;30;1;1320
CUSTOMER;C469;76865;Rohrbach;8.12539;49.13873;30;1;1320
CUSTOMER;C470;76137;Karlsruhe;8.41059;49.00025;30;1;1320
CUSTOMER;C471;76131;Karlsruhe;8.41262;49.01132;30;1;1320
CUSTOMER;C472;54486;Mülheim;7.02613;49.91021;25;1;1260
CUSTOMER;C473;76189;Karlsruhe;8.33389;49.01199;25;1;1260
CUSTOMER;C474;76187;Karlsruhe;8.36604;49.02237;25;1;1260
CUSTOMER;C475;60488;FRANKFURT;8.61061;50.14816;25;1;1260
CUSTOMER;C476;75172;Pforzheim;8.69885;48.89031;25;1;1260
CUSTOMER;C477;63594;HASSELROTH;9.08440;50.16243;20;1;1260
CUSTOMER;C478;76870;Kandel;8.18287;49.09919;20;1;1260
CUSTOMER;C479;76437;Rastatt;8.22404;48.85683;20;1;1260
CUSTOMER;C480;76437;Rastatt;8.22681;48.85814;20;1;1260
CUSTOMER;C481;76767;Hagenbach;8.25699;49.01252;20;1;1260
CUSTOMER;C482;76287;Rheinstetten;8.33944;48.96218;20;1;1260
CUSTOMER;C483;76189;Karlsruhe;8.34558;48.99417;20;1;1260
CUSTOMER;C484;76187;Karlsruhe;8.36725;49.03722;20;1;1260
CUSTOMER;C485;76726;GERMERSHEIM;8.36866;49.23363;20;1;1260
CUSTOMER;C486;76275;Ettlingen;8.37794;48.95734;20;1;1260
CUSTOMER;C487;76133;Karlsruhe;8.39387;49.01001;20;1;1260
CUSTOMER;C488;76133;Karlsruhe;8.40752;49.00944;20;1;1260
CUSTOMER;C489;76131;Karlsruhe;8.41184;49.01208;20;1;1260
CUSTOMER;C490;76131;Karlsruhe;8.43878;49.01117;20;1;1260
CUSTOMER;C491;76646;Bruchsal;8.55586;49.12172;20;1;1260
CUSTOMER;C492;60549;FRANKFURT;8.57586;50.04925;20;1;1260
CUSTOMER;C493;76337;Waldbronn;8.48940;48.92652;15;1;1260
CUSTOMER;C494;75172;Pforzheim;8.68016;48.89030;15;1;1260
CUSTOMER;C495;76829;Landau;8.11375;49.19714;15;1;1260
CUSTOMER;C496;76744;Wörth;8.29666;49.03869;15;1;1260
CUSTOMER;C497;76187;Karlsruhe;8.34591;49.02616;15;1;1260
CUSTOMER;C498;76185;Karlsruhe;8.35972;49.00675;15;1;1260
CUSTOMER;C499;76133;Karlsruhe;8.39198;49.01526;15;1;1260
CUSTOMER;C500;76133;KARLSRUHE;8.39352;49.01171;15;1;1260
CUSTOMER;C501;76131;Karlsruhe;8.41643;49.00893;15;1;1260
CUSTOMER;C502;76139;Karlsruhe;8.46054;49.02348;15;1;1260
CUSTOMER;C503;76646;Bruchsal;8.59587;49.12628;15;1;1260
CUSTOMER;C504;76137;Karlsruhe;8.41460;48.99230;10;1;1260
CUSTOMER;C505;66333;Völklingen;6.83020;49.24968;10;1;1260
CUSTOMER;C506;76857;Albersweiler;8.03055;49.21950;10;1;1260
CUSTOMER;C507;76829;Landau;8.13870;49.19162;10;1;1260
CUSTOMER;C508;66539;Neunkirchen;7.23626;49.34817;10;1;1260
CUSTOMER;C509;76530;Baden-Baden;8.22767;48.76635;10;1;1260
CUSTOMER;C510;76189;Karlsruhe;8.31359;49.01331;10;1;1260
CUSTOMER;C511;76275;Ettlingen;8.36861;48.93972;10;1;1260
CUSTOMER;C512;76149;Karlsruhe;8.36888;49.06536;10;1;1260
CUSTOMER;C513;76135;Karlsruhe;8.38181;49.00949;10;1;1260
CUSTOMER;C514;76135;Karlsruhe;8.38607;49.00226;10;1;1260
CUSTOMER;C515;76133;Karlsruhe;8.39624;49.01001;10;1;1260
CUSTOMER;C516;76131;Karlsruhe;8.41024;49.01213;10;1;1260
CUSTOMER;C517;76131;Karlsruhe;8.41604;49.01146;10;1;1260
CUSTOMER;C518;76131;Karlsruhe;8.42037;49.01336;10;1;1260
CUSTOMER;C519;76131;Karlsruhe;8.42153;49.01438;10;1;1260
CUSTOMER;C520;68623;Lampertheim;8.43157;49.62037;10;1;1260
CUSTOMER;C521;76227;Karlsruhe;8.46261;48.99524;10;1;1260
CUSTOMER;C522;76227;Karlsruhe;8.46699;48.99961;10;1;1260
CUSTOMER;C523;76229;Karlsruhe;8.47326;49.02966;10;1;1260
CUSTOMER;C524;76227;Karlsruhe-Durlach;8.47652;49.01826;10;1;1260
CUSTOMER;C525;75179;Pforzheim;8.65673;48.88614;10;1;1260
CUSTOMER;C526;75180;PFORZHEIM;8.66059;48.85177;10;1;1260
CUSTOMER;C527;75228;ISPRINGEN;8.66562;48.91071;10;1;1260
CUSTOMER;C528;75038;Oberderdingen;8.79935;49.06933;10;1;1260
CUSTOMER;C529;76185;KARLSRUHE;8.36440;49.01690;5;1;1200
CUSTOMER;C530;68219;Mannheim;8.52800;49.42618;5;1;1200
CUSTOMER;C531;65428;RUESSELSHEIM;8.41440;49.99389;5;1;1200
CUSTOMER;C532;65933;Frankfurt;8.59520;50.09525;5;1;1200
CUSTOMER;C533;64295;Darmstadt;8.62870;49.86283;5;1;1200
CUSTOMER;C534;54290;Trier;6.64845;49.75796;5;1;1200
CUSTOMER;C535;54292;Trier;6.65162;49.75768;5;1;1200
CUSTOMER;C536;66424;Homburg;7.34262;49.32705;5;1;1200
CUSTOMER;C537;76829;Landau;8.11394;49.20006;5;1;1200
CUSTOMER;C538;76872;Minfeld;8.13938;49.07236;5;1;1200
CUSTOMER;C539;55252;Mainz-Kastel;8.28921;50.00984;5;1;1200
CUSTOMER;C540;76726;Germersheim;8.36478;49.21772;5;1;1200
CUSTOMER;C541;76344;Eggenstein;8.37866;49.07313;5;1;1200
CUSTOMER;C542;76332;Bad Herrenalb;8.44116;48.80062;5;1;1200
CUSTOMER;C543;75334;Straubenhardt;8.55043;48.84746;5;1;1200
CUSTOMER;C544;64287;DARMSTADT;8.67305;49.87473;5;1;1200
CUSTOMER;C545;63067;Offenbach;8.74499;50.11008;5;1;1200
CUSTOMER;C546;61184;Karben;8.77703;50.23912;5;1;1200
CUSTOMER;C547;63589;Altenhaßlau;9.19788;50.19491;5;1;1200
CUSTOMER;C548;65926;Frankfurt;8.54537;50.08137;5;1;1200
